method,n_images,time_mean_ms,time_std_ms,time_min_ms,time_max_ms,fps_mean,objects_mean,objects_total,detection_rate
HSV,7,21.19301426,20.54568423,3.125699935,68.39319994,108.4642767,0.285714286,2,28.57142857
YOLOv8,7,98.3081286,14.38113145,73.0839998,120.1656002,10.41358997,6.714285714,47,85.71428571
